{
  "123456789012345678": {
    "elo": 1000,
    "wins": 0,
    "losses": 0
  },
  "751149636877680792": {
    "elo": 7256,
    "wins": 364,
    "losses": 9
  },
  "1405372544235733042": {
    "elo": 3605,
    "wins": 14,
    "losses": 2
  },
  "890034949636370452": {
    "elo": 5117,
    "wins": 174,
    "losses": 19
  },
  "1012883727166214274": {
    "elo": 4667,
    "wins": 114,
    "losses": 90
  },
  "468891746785296385": {
    "elo": 4816,
    "wins": 206,
    "losses": 6
  },
  "881239314246287360": {
    "elo": 10371,
    "wins": 453,
    "losses": 12
  },
  "1180344434034999336": {
    "elo": 4210,
    "wins": 144,
    "losses": 9
  },
  "862819369859285043": {
    "elo": 4682,
    "wins": 146,
    "losses": 6
  },
  "957147681199882251": {
    "elo": 2021,
    "wins": 13,
    "losses": 2
  },
  "1293325031429898315": {
    "elo": 4091,
    "wins": 139,
    "losses": 4
  },
  "847523024407887892": {
    "elo": 3335,
    "wins": 94,
    "losses": 11
  },
  "863877470100389929": {
    "elo": 2142,
    "wins": 7,
    "losses": 0
  },
  "1276010799923728387": {
    "elo": 3146,
    "wins": 36,
    "losses": 0
  },
  "1401439358988320839": {
    "elo": 5872,
    "wins": 70,
    "losses": 1
  },
  "1345926025657450557": {
    "elo": 1500,
    "wins": 2,
    "losses": 0
  }
}
